{"cameraMode":{"drawMode":0,"name":"Shaded","section":"Shading Mode"},"sceneLighting":true,"audioPlay":false,"sceneViewState":{"showFog":true,"showMaterialUpdate":true,"showSkybox":true,"showFlares":true,"showImageEffects":true,"showParticleSystems":true},"in2DMode":false,"pivot":{"x":1.4857821464538575,"y":0.7604622840881348,"z":0.0451817512512207},"rotation":{"x":0.016453517600893976,"y":-0.9753544330596924,"z":0.20574752986431123,"w":0.07799519598484039},"size":5.5129475593566898,"orthographic":true}